{"mean": 173602.2217641, "std": 344300.32009039744}